sectionList,sectionType
0,node
1,paranode1
2,paranode2
3,internode
4,paranode2
5,paranode1
6,node
7,paranode1
8,paranode2
9,internode
10,paranode2
11,paranode1
12,node
13,paranode1
14,paranode2
15,internode
16,paranode2
17,paranode1
18,node
19,paranode1
20,paranode2
21,internode
22,paranode2
23,paranode1
24,node
25,paranode1
26,paranode2
27,internode
28,paranode2
29,paranode1
30,node
31,paranode1
32,paranode2
33,internode
34,paranode2
35,paranode1
36,node
37,paranode1
38,paranode2
39,internode
40,paranode2
41,paranode1
42,node
43,paranode1
44,paranode2
45,internode
46,paranode2
47,paranode1
48,node
49,paranode1
50,paranode2
51,internode
52,paranode2
53,paranode1
54,node
55,paranode1
56,paranode2
57,internode
58,paranode2
59,paranode1
60,node
61,paranode1
62,paranode2
63,internode
64,paranode2
65,paranode1
66,node
67,paranode1
68,paranode2
69,internode
70,paranode2
71,paranode1
72,node
73,paranode1
74,paranode2
75,internode
76,paranode2
77,paranode1
78,node
79,paranode1
80,paranode2
81,internode
82,paranode2
83,paranode1
84,node
85,paranode1
86,paranode2
87,internode
88,paranode2
89,paranode1
90,node
91,paranode1
92,paranode2
93,internode
94,paranode2
95,paranode1
96,node
97,paranode1
98,paranode2
99,internode
100,paranode2
101,paranode1
102,node
103,paranode1
104,paranode2
105,internode
106,paranode2
107,paranode1
108,node
109,paranode1
110,paranode2
111,internode
112,paranode2
113,paranode1
114,node
115,paranode1
116,paranode2
117,internode
118,paranode2
119,paranode1
120,node
121,paranode1
122,paranode2
123,internode
124,paranode2
125,paranode1
126,node
127,paranode1
128,paranode2
129,internode
130,paranode2
131,paranode1
132,node
133,paranode1
134,paranode2
135,internode
136,paranode2
137,paranode1
138,node
139,paranode1
140,paranode2
141,internode
142,paranode2
143,paranode1
144,node
145,paranode1
146,paranode2
147,internode
148,paranode2
149,paranode1
150,node
151,paranode1
152,paranode2
153,internode
154,paranode2
155,paranode1
156,node
157,paranode1
158,paranode2
159,internode
160,paranode2
161,paranode1
162,node
163,paranode1
164,paranode2
165,internode
166,paranode2
167,paranode1
168,node
169,paranode1
170,paranode2
171,internode
172,paranode2
173,paranode1
174,node
175,paranode1
176,paranode2
177,internode
178,paranode2
179,paranode1
180,node
181,paranode1
182,paranode2
183,internode
184,paranode2
185,paranode1
186,node
187,paranode1
188,paranode2
189,internode
190,paranode2
191,paranode1
192,node
193,paranode1
194,paranode2
195,internode
196,paranode2
197,paranode1
198,node
199,paranode1
200,paranode2
201,internode
202,paranode2
203,paranode1
204,node
205,paranode1
206,paranode2
207,internode
208,paranode2
209,paranode1
210,node
211,paranode1
212,paranode2
213,internode
214,paranode2
215,paranode1
216,node
217,paranode1
218,paranode2
219,internode
220,paranode2
221,paranode1
222,node
223,paranode1
224,paranode2
225,internode
226,paranode2
227,paranode1
228,node
229,paranode1
230,paranode2
231,internode
232,paranode2
233,paranode1
234,node
235,paranode1
236,paranode2
237,internode
238,paranode2
239,paranode1
240,node
241,paranode1
242,paranode2
243,internode
244,paranode2
245,paranode1
246,node
247,paranode1
248,paranode2
249,internode
250,paranode2
251,paranode1
252,node
253,paranode1
254,paranode2
255,internode
256,paranode2
257,paranode1
258,node
259,paranode1
260,paranode2
261,internode
262,paranode2
263,paranode1
264,node
265,paranode1
266,paranode2
267,internode
268,paranode2
269,paranode1
270,node
271,paranode1
272,paranode2
273,internode
274,paranode2
275,paranode1
276,node
277,paranode1
278,paranode2
279,internode
280,paranode2
281,paranode1
282,node
283,paranode1
284,paranode2
285,internode
286,paranode2
287,paranode1
288,node
289,paranode1
290,paranode2
291,internode
292,paranode2
293,paranode1
294,node
295,paranode1
296,paranode2
297,internode
298,paranode2
299,paranode1
300,node
301,paranode1
302,paranode2
303,internode
304,paranode2
305,paranode1
306,node
307,paranode1
308,paranode2
309,internode
310,paranode2
311,paranode1
312,node
313,paranode1
314,paranode2
315,internode
316,paranode2
317,paranode1
318,node
319,paranode1
320,paranode2
321,internode
322,paranode2
323,paranode1
324,node
325,paranode1
326,paranode2
327,internode
328,paranode2
329,paranode1
330,node
331,paranode1
332,paranode2
333,internode
334,paranode2
335,paranode1
336,node
337,paranode1
338,paranode2
339,internode
340,paranode2
341,paranode1
342,node
343,paranode1
344,paranode2
345,internode
346,paranode2
347,paranode1
348,node
349,paranode1
350,paranode2
351,internode
352,paranode2
353,paranode1
354,node
355,paranode1
356,paranode2
357,internode
358,paranode2
359,paranode1
360,node
361,paranode1
362,paranode2
363,internode
364,paranode2
365,paranode1
366,node
367,paranode1
368,paranode2
369,internode
370,paranode2
371,paranode1
372,node
373,paranode1
374,paranode2
375,internode
376,paranode2
377,paranode1
378,node
379,paranode1
380,paranode2
381,internode
382,paranode2
383,paranode1
384,node
385,paranode1
386,paranode2
387,internode
388,paranode2
389,paranode1
390,node
391,paranode1
392,paranode2
393,internode
394,paranode2
395,paranode1
396,node
397,paranode1
398,paranode2
399,internode
400,paranode2
401,paranode1
402,node
403,paranode1
404,paranode2
405,internode
406,paranode2
407,paranode1
408,node
409,paranode1
410,paranode2
411,internode
412,paranode2
413,paranode1
414,node
415,paranode1
416,paranode2
417,internode
418,paranode2
419,paranode1
420,node
421,paranode1
422,paranode2
423,internode
424,paranode2
425,paranode1
426,node
427,paranode1
428,paranode2
429,internode
430,paranode2
431,paranode1
432,node
433,paranode1
434,paranode2
435,internode
436,paranode2
437,paranode1
438,node
439,paranode1
440,paranode2
441,internode
442,paranode2
443,paranode1
444,node
445,paranode1
446,paranode2
447,internode
448,paranode2
449,paranode1
450,node
451,paranode1
452,paranode2
453,internode
454,paranode2
455,paranode1
456,node
457,paranode1
458,paranode2
459,internode
460,paranode2
461,paranode1
462,node
463,paranode1
464,paranode2
465,internode
466,paranode2
467,paranode1
468,node
469,paranode1
470,paranode2
471,internode
472,paranode2
473,paranode1
474,node
475,paranode1
476,paranode2
477,internode
478,paranode2
479,paranode1
480,node
481,paranode1
482,paranode2
483,internode
484,paranode2
485,paranode1
486,node
487,paranode1
488,paranode2
489,internode
490,paranode2
491,paranode1
492,node
493,paranode1
494,paranode2
495,internode
496,paranode2
497,paranode1
498,node
499,paranode1
500,paranode2
501,internode
502,paranode2
503,paranode1
504,node
505,paranode1
506,paranode2
507,internode
508,paranode2
509,paranode1
510,node
511,paranode1
512,paranode2
513,internode
514,paranode2
515,paranode1
516,node
517,paranode1
518,paranode2
519,internode
520,paranode2
521,paranode1
522,node
523,paranode1
524,paranode2
525,internode
526,paranode2
527,paranode1
528,node
529,paranode1
530,paranode2
531,internode
532,paranode2
533,paranode1
534,node
535,paranode1
536,paranode2
537,internode
538,paranode2
539,paranode1
540,node
541,paranode1
542,paranode2
543,internode
544,paranode2
545,paranode1
546,node
547,paranode1
548,paranode2
549,internode
550,paranode2
551,paranode1
552,node
553,paranode1
554,paranode2
555,internode
556,paranode2
557,paranode1
558,node
559,paranode1
560,paranode2
561,internode
562,paranode2
563,paranode1
564,node
565,paranode1
566,paranode2
567,internode
568,paranode2
569,paranode1
570,node
571,paranode1
572,paranode2
573,internode
574,paranode2
575,paranode1
576,node
577,paranode1
578,paranode2
579,internode
580,paranode2
581,paranode1
582,node
583,paranode1
584,paranode2
585,internode
586,paranode2
587,paranode1
588,node
589,paranode1
590,paranode2
591,internode
592,paranode2
593,paranode1
594,node
595,paranode1
596,paranode2
597,internode
598,paranode2
599,paranode1
600,node
601,paranode1
602,paranode2
603,internode
604,paranode2
605,paranode1
606,node
607,paranode1
608,paranode2
609,internode
610,paranode2
611,paranode1
612,node
613,paranode1
614,paranode2
615,internode
616,paranode2
617,paranode1
618,node
619,paranode1
620,paranode2
621,internode
622,paranode2
623,paranode1
624,node
625,paranode1
626,paranode2
627,internode
628,paranode2
629,paranode1
630,node
631,paranode1
632,paranode2
633,internode
634,paranode2
635,paranode1
636,node
637,paranode1
638,paranode2
639,internode
640,paranode2
641,paranode1
642,node
643,paranode1
644,paranode2
645,internode
646,paranode2
647,paranode1
648,node
649,paranode1
650,paranode2
651,internode
652,paranode2
653,paranode1
654,node
655,paranode1
656,paranode2
657,internode
658,paranode2
659,paranode1
660,node
661,paranode1
662,paranode2
663,internode
664,paranode2
665,paranode1
666,node
667,paranode1
668,paranode2
669,internode
670,paranode2
671,paranode1
672,node
673,paranode1
674,paranode2
675,internode
676,paranode2
677,paranode1
678,node
679,paranode1
680,paranode2
681,internode
682,paranode2
683,paranode1
684,node
685,paranode1
686,paranode2
687,internode
688,paranode2
689,paranode1
690,node
691,paranode1
692,paranode2
693,internode
694,paranode2
695,paranode1
696,node
697,paranode1
698,paranode2
699,internode
700,paranode2
701,paranode1
702,node
703,paranode1
704,paranode2
705,internode
706,paranode2
707,paranode1
708,node
709,paranode1
710,paranode2
711,internode
712,paranode2
713,paranode1
714,node
715,paranode1
716,paranode2
717,internode
718,paranode2
719,paranode1
720,node
721,paranode1
722,paranode2
723,internode
724,paranode2
725,paranode1
726,node
727,paranode1
728,paranode2
729,internode
730,paranode2
731,paranode1
732,node
733,paranode1
734,paranode2
735,internode
736,paranode2
737,paranode1
738,node
739,paranode1
740,paranode2
741,internode
742,paranode2
743,paranode1
744,node
745,paranode1
746,paranode2
747,internode
748,paranode2
749,paranode1
750,node
751,paranode1
752,paranode2
753,internode
754,paranode2
755,paranode1
756,node
757,paranode1
758,paranode2
759,internode
760,node
