sectionList,sectionType
0,node
1,paranode1
2,paranode2
3,internode
4,paranode2
5,paranode1
6,node
7,paranode1
8,paranode2
9,internode
10,paranode2
11,paranode1
12,node
13,paranode1
14,paranode2
15,internode
16,paranode2
17,paranode1
18,node
19,paranode1
20,paranode2
21,internode
22,paranode2
23,paranode1
24,node
25,paranode1
26,paranode2
27,internode
28,paranode2
29,paranode1
30,node
31,paranode1
32,paranode2
33,internode
34,paranode2
35,paranode1
36,node
37,paranode1
38,paranode2
39,internode
40,paranode2
41,paranode1
42,node
43,paranode1
44,paranode2
45,internode
46,paranode2
47,paranode1
48,node
49,paranode1
50,paranode2
51,internode
52,paranode2
53,paranode1
54,node
55,paranode1
56,paranode2
57,internode
58,paranode2
59,paranode1
60,node
61,paranode1
62,paranode2
63,internode
64,paranode2
65,paranode1
66,node
67,paranode1
68,paranode2
69,internode
70,paranode2
71,paranode1
72,node
73,paranode1
74,paranode2
75,internode
76,paranode2
77,paranode1
78,node
79,paranode1
80,paranode2
81,internode
82,paranode2
83,paranode1
84,node
85,paranode1
86,paranode2
87,internode
88,paranode2
89,paranode1
90,node
91,paranode1
92,paranode2
93,internode
94,paranode2
95,paranode1
96,node
97,paranode1
98,paranode2
99,internode
100,paranode2
101,paranode1
102,node
103,paranode1
104,paranode2
105,internode
106,paranode2
107,paranode1
108,node
109,paranode1
110,paranode2
111,internode
112,paranode2
113,paranode1
114,node
115,paranode1
116,paranode2
117,internode
118,paranode2
119,paranode1
120,node
121,paranode1
122,paranode2
123,internode
124,paranode2
125,paranode1
126,node
127,paranode1
128,paranode2
129,internode
130,paranode2
131,paranode1
132,node
133,paranode1
134,paranode2
135,internode
136,paranode2
137,paranode1
138,node
139,paranode1
140,paranode2
141,internode
142,paranode2
143,paranode1
144,node
145,paranode1
146,paranode2
147,internode
148,paranode2
149,paranode1
150,node
151,paranode1
152,paranode2
153,internode
154,paranode2
155,paranode1
156,node
157,paranode1
158,paranode2
159,internode
160,paranode2
161,paranode1
162,node
163,paranode1
164,paranode2
165,internode
166,paranode2
167,paranode1
168,node
169,paranode1
170,paranode2
171,internode
172,paranode2
173,paranode1
174,node
175,paranode1
176,paranode2
177,internode
178,paranode2
179,paranode1
180,node
181,paranode1
182,paranode2
183,internode
184,paranode2
185,paranode1
186,node
187,paranode1
188,paranode2
189,internode
190,paranode2
191,paranode1
192,node
193,paranode1
194,paranode2
195,internode
196,paranode2
197,paranode1
198,node
199,paranode1
200,paranode2
201,internode
202,paranode2
203,paranode1
204,node
205,paranode1
206,paranode2
207,internode
208,paranode2
209,paranode1
210,node
211,paranode1
212,paranode2
213,internode
214,paranode2
215,paranode1
216,node
217,paranode1
218,paranode2
219,internode
220,paranode2
221,paranode1
222,node
223,paranode1
224,paranode2
225,internode
226,paranode2
227,paranode1
228,node
229,paranode1
230,paranode2
231,internode
232,paranode2
233,paranode1
234,node
235,paranode1
236,paranode2
237,internode
238,paranode2
239,paranode1
240,node
241,paranode1
242,paranode2
243,internode
244,paranode2
245,paranode1
246,node
247,paranode1
248,paranode2
249,internode
250,paranode2
251,paranode1
252,node
253,paranode1
254,paranode2
255,internode
256,paranode2
257,paranode1
258,node
259,paranode1
260,paranode2
261,internode
262,paranode2
263,paranode1
264,node
265,paranode1
266,paranode2
267,internode
268,paranode2
269,paranode1
270,node
271,paranode1
272,paranode2
273,internode
274,paranode2
275,paranode1
276,node
277,paranode1
278,paranode2
279,internode
280,paranode2
281,paranode1
282,node
283,paranode1
284,paranode2
285,internode
286,paranode2
287,paranode1
288,node
289,paranode1
290,paranode2
291,internode
292,paranode2
293,paranode1
294,node
295,paranode1
296,paranode2
297,internode
298,paranode2
299,paranode1
300,node
301,paranode1
302,paranode2
303,internode
304,paranode2
305,paranode1
306,node
307,paranode1
308,paranode2
309,internode
310,paranode2
311,paranode1
312,node
313,paranode1
314,paranode2
315,internode
316,paranode2
317,paranode1
318,node
319,paranode1
320,paranode2
321,internode
322,paranode2
323,paranode1
324,node
325,paranode1
326,paranode2
327,internode
328,paranode2
329,paranode1
330,node
331,paranode1
332,paranode2
333,internode
334,paranode2
335,paranode1
336,node
337,paranode1
338,paranode2
339,internode
340,paranode2
341,paranode1
342,node
343,paranode1
344,paranode2
345,internode
346,paranode2
347,paranode1
348,node
349,paranode1
350,paranode2
351,internode
352,paranode2
353,paranode1
354,node
355,paranode1
356,paranode2
357,internode
358,paranode2
359,paranode1
360,node
361,paranode1
362,paranode2
363,internode
364,paranode2
365,paranode1
366,node
367,paranode1
368,paranode2
369,internode
370,paranode2
371,paranode1
372,node
373,paranode1
374,paranode2
375,internode
376,paranode2
377,paranode1
378,node
379,paranode1
380,paranode2
381,internode
382,paranode2
383,paranode1
384,node
385,paranode1
386,paranode2
387,internode
388,paranode2
389,paranode1
390,node
391,paranode1
392,paranode2
393,internode
394,paranode2
395,paranode1
396,node
397,paranode1
398,paranode2
399,internode
400,paranode2
401,paranode1
402,node
403,paranode1
404,paranode2
405,internode
406,paranode2
407,paranode1
408,node
409,paranode1
410,paranode2
411,internode
412,paranode2
413,paranode1
414,node
415,paranode1
416,paranode2
417,internode
418,paranode2
419,paranode1
420,node
421,paranode1
422,paranode2
423,internode
424,paranode2
425,paranode1
426,node
427,paranode1
428,paranode2
429,internode
430,paranode2
431,paranode1
432,node
433,paranode1
434,paranode2
435,internode
436,paranode2
437,paranode1
438,node
439,paranode1
440,paranode2
441,internode
442,paranode2
443,paranode1
444,node
445,paranode1
446,paranode2
447,internode
448,paranode2
449,paranode1
450,node
451,paranode1
452,paranode2
453,internode
454,paranode2
455,paranode1
456,node
457,paranode1
458,paranode2
459,internode
460,paranode2
461,paranode1
462,node
463,paranode1
464,paranode2
465,internode
466,paranode2
467,paranode1
468,node
469,paranode1
470,paranode2
471,internode
472,paranode2
473,paranode1
474,node
475,paranode1
476,paranode2
477,internode
478,paranode2
479,paranode1
480,node
481,paranode1
482,paranode2
483,internode
484,paranode2
485,paranode1
486,node
487,paranode1
488,paranode2
489,internode
490,paranode2
491,paranode1
492,node
493,paranode1
494,paranode2
495,internode
496,paranode2
497,paranode1
498,node
499,paranode1
500,paranode2
501,internode
502,paranode2
503,paranode1
504,node
505,paranode1
506,paranode2
507,internode
508,paranode2
509,paranode1
510,node
511,paranode1
512,paranode2
513,internode
514,paranode2
515,paranode1
516,node
517,paranode1
518,paranode2
519,internode
520,paranode2
521,paranode1
522,node
523,paranode1
524,paranode2
525,internode
526,paranode2
527,paranode1
528,node
529,paranode1
530,paranode2
531,internode
532,paranode2
533,paranode1
534,node
535,paranode1
536,paranode2
537,internode
538,paranode2
539,paranode1
540,node
541,paranode1
542,paranode2
543,internode
544,paranode2
545,paranode1
546,node
547,paranode1
548,paranode2
549,internode
550,paranode2
551,paranode1
552,node
553,paranode1
554,paranode2
555,internode
556,paranode2
557,paranode1
558,node
559,paranode1
560,paranode2
561,internode
562,paranode2
563,paranode1
564,node
565,paranode1
566,paranode2
567,internode
568,paranode2
569,paranode1
570,node
571,paranode1
572,paranode2
573,internode
574,paranode2
575,paranode1
576,node
577,paranode1
578,paranode2
579,internode
580,paranode2
581,paranode1
582,node
583,paranode1
584,paranode2
585,internode
586,paranode2
587,paranode1
588,node
589,paranode1
590,paranode2
591,internode
592,paranode2
593,paranode1
594,node
595,paranode1
596,paranode2
597,internode
598,paranode2
599,paranode1
600,node
601,paranode1
602,paranode2
603,internode
604,paranode2
605,paranode1
606,node
607,paranode1
608,paranode2
609,internode
610,paranode2
611,paranode1
612,node
613,paranode1
614,paranode2
615,internode
616,paranode2
617,paranode1
618,node
619,paranode1
620,paranode2
621,internode
622,paranode2
623,paranode1
624,node
625,paranode1
626,paranode2
627,internode
628,paranode2
629,paranode1
630,node
631,paranode1
632,paranode2
633,internode
634,paranode2
635,paranode1
636,node
637,paranode1
638,paranode2
639,internode
640,paranode2
641,paranode1
642,node
643,paranode1
644,paranode2
645,internode
646,paranode2
647,paranode1
648,node
649,paranode1
650,paranode2
651,internode
652,paranode2
653,paranode1
654,node
655,paranode1
656,paranode2
657,internode
658,paranode2
659,paranode1
660,node
661,paranode1
662,paranode2
663,internode
664,paranode2
665,paranode1
666,node
667,paranode1
668,paranode2
669,internode
670,paranode2
671,paranode1
672,node
673,paranode1
674,paranode2
675,internode
676,paranode2
677,paranode1
678,node
679,paranode1
680,paranode2
681,internode
682,paranode2
683,paranode1
684,node
685,paranode1
686,paranode2
687,internode
688,paranode2
689,paranode1
690,node
691,paranode1
692,paranode2
693,internode
694,paranode2
695,paranode1
696,node
697,paranode1
698,paranode2
699,internode
700,paranode2
701,paranode1
702,node
703,paranode1
704,paranode2
705,internode
706,paranode2
707,paranode1
708,node
709,paranode1
710,paranode2
711,internode
712,paranode2
713,paranode1
714,node
715,paranode1
716,paranode2
717,internode
718,paranode2
719,paranode1
720,node
721,paranode1
722,paranode2
723,internode
724,paranode2
725,paranode1
726,node
727,paranode1
728,paranode2
729,internode
730,paranode2
731,paranode1
732,node
733,paranode1
734,paranode2
735,internode
736,paranode2
737,paranode1
738,node
739,paranode1
740,paranode2
741,internode
742,paranode2
743,paranode1
744,node
745,paranode1
746,paranode2
747,internode
748,paranode2
749,paranode1
750,node
751,paranode1
752,paranode2
753,internode
754,paranode2
755,paranode1
756,node
757,paranode1
758,paranode2
759,internode
760,paranode2
761,paranode1
762,node
763,paranode1
764,paranode2
765,internode
766,paranode2
767,paranode1
768,node
769,paranode1
770,paranode2
771,internode
772,paranode2
773,paranode1
774,node
775,paranode1
776,paranode2
777,internode
778,paranode2
779,paranode1
780,node
781,paranode1
782,paranode2
783,internode
784,paranode2
785,paranode1
786,node
787,paranode1
788,paranode2
789,internode
790,paranode2
791,paranode1
792,node
793,paranode1
794,paranode2
795,internode
796,paranode2
797,paranode1
798,node
799,paranode1
800,paranode2
801,internode
802,paranode2
803,paranode1
804,node
805,paranode1
806,paranode2
807,internode
808,paranode2
809,paranode1
810,node
811,paranode1
812,paranode2
813,internode
814,paranode2
815,paranode1
816,node
817,paranode1
818,paranode2
819,internode
820,paranode2
821,paranode1
822,node
823,paranode1
824,paranode2
825,internode
826,paranode2
827,paranode1
828,node
829,paranode1
830,paranode2
831,internode
832,paranode2
833,paranode1
834,node
835,paranode1
836,paranode2
837,internode
838,paranode2
839,paranode1
840,node
841,paranode1
842,paranode2
843,internode
844,paranode2
845,paranode1
846,node
847,paranode1
848,paranode2
849,internode
850,paranode2
851,paranode1
852,node
853,paranode1
854,paranode2
855,internode
856,paranode2
857,paranode1
858,node
859,paranode1
860,paranode2
861,internode
862,paranode2
863,paranode1
864,node
865,paranode1
866,paranode2
867,internode
868,paranode2
869,paranode1
870,node
871,paranode1
872,paranode2
873,internode
874,paranode2
875,paranode1
876,node
877,paranode1
878,paranode2
879,internode
880,paranode2
881,paranode1
882,node
883,paranode1
884,paranode2
885,internode
886,paranode2
887,paranode1
888,node
889,paranode1
890,paranode2
891,internode
892,paranode2
893,paranode1
894,node
895,paranode1
896,paranode2
897,internode
898,paranode2
899,paranode1
900,node
901,paranode1
902,paranode2
903,internode
904,paranode2
905,paranode1
906,node
907,paranode1
908,paranode2
909,internode
910,paranode2
911,paranode1
912,node
913,paranode1
914,paranode2
915,internode
916,paranode2
917,paranode1
918,node
919,paranode1
920,paranode2
921,internode
922,paranode2
923,paranode1
924,node
925,paranode1
926,paranode2
927,internode
928,paranode2
929,paranode1
930,node
931,paranode1
932,paranode2
933,internode
934,paranode2
935,paranode1
936,node
937,paranode1
938,paranode2
939,internode
940,paranode2
941,paranode1
942,node
943,paranode1
944,paranode2
945,internode
946,paranode2
947,paranode1
948,node
949,paranode1
950,paranode2
951,internode
952,paranode2
953,paranode1
954,node
955,paranode1
956,paranode2
957,internode
958,paranode2
959,paranode1
960,node
961,paranode1
962,paranode2
963,internode
964,paranode2
965,paranode1
966,node
967,paranode1
968,paranode2
969,internode
970,paranode2
971,paranode1
972,node
973,paranode1
974,paranode2
975,internode
976,paranode2
977,paranode1
978,node
979,paranode1
980,paranode2
981,internode
982,paranode2
983,paranode1
984,node
985,paranode1
986,paranode2
987,internode
988,paranode2
989,paranode1
990,node
991,paranode1
992,paranode2
993,internode
994,paranode2
995,paranode1
996,node
997,paranode1
998,paranode2
999,internode
1000,paranode2
1001,paranode1
1002,node
1003,paranode1
1004,paranode2
1005,internode
1006,paranode2
1007,paranode1
1008,node
1009,paranode1
1010,paranode2
1011,internode
1012,paranode2
1013,paranode1
1014,node
1015,paranode1
1016,paranode2
1017,internode
1018,paranode2
1019,paranode1
1020,node
1021,paranode1
1022,paranode2
1023,internode
1024,paranode2
1025,paranode1
1026,node
1027,paranode1
1028,paranode2
1029,internode
1030,paranode2
1031,paranode1
1032,node
1033,paranode1
1034,paranode2
1035,internode
1036,paranode2
1037,paranode1
1038,node
1039,paranode1
1040,paranode2
1041,internode
1042,paranode2
1043,paranode1
1044,node
1045,paranode1
1046,paranode2
1047,internode
1048,paranode2
1049,paranode1
1050,node
1051,paranode1
1052,paranode2
1053,internode
1054,paranode2
1055,paranode1
1056,node
1057,paranode1
1058,paranode2
1059,internode
1060,paranode2
1061,paranode1
1062,node
1063,paranode1
1064,paranode2
1065,internode
1066,paranode2
1067,paranode1
1068,node
1069,paranode1
1070,paranode2
1071,internode
1072,paranode2
1073,paranode1
1074,node
1075,paranode1
1076,paranode2
1077,internode
1078,paranode2
1079,paranode1
1080,node
1081,paranode1
1082,paranode2
1083,internode
1084,paranode2
1085,paranode1
1086,node
1087,paranode1
1088,paranode2
1089,internode
1090,paranode2
1091,paranode1
1092,node
1093,paranode1
1094,paranode2
1095,internode
1096,paranode2
1097,paranode1
1098,node
1099,paranode1
1100,paranode2
1101,internode
1102,paranode2
1103,paranode1
1104,node
1105,paranode1
1106,paranode2
1107,internode
1108,paranode2
1109,paranode1
1110,node
1111,paranode1
1112,paranode2
1113,internode
1114,paranode2
1115,paranode1
1116,node
1117,paranode1
1118,paranode2
1119,internode
1120,paranode2
1121,paranode1
1122,node
1123,paranode1
1124,paranode2
1125,internode
1126,paranode2
1127,paranode1
1128,node
1129,paranode1
1130,paranode2
1131,internode
1132,paranode2
1133,paranode1
1134,node
1135,paranode1
1136,paranode2
1137,internode
1138,paranode2
1139,paranode1
1140,node
1141,paranode1
1142,paranode2
1143,internode
1144,paranode2
1145,paranode1
1146,node
1147,paranode1
1148,paranode2
1149,internode
1150,paranode2
1151,paranode1
1152,node
1153,paranode1
1154,paranode2
1155,internode
1156,paranode2
1157,paranode1
1158,node
1159,paranode1
1160,paranode2
1161,internode
1162,paranode2
1163,paranode1
1164,node
1165,paranode1
1166,paranode2
1167,internode
1168,paranode2
1169,paranode1
1170,node
1171,paranode1
1172,paranode2
1173,internode
1174,paranode2
1175,paranode1
1176,node
1177,paranode1
1178,paranode2
1179,internode
1180,paranode2
1181,paranode1
1182,node
1183,paranode1
1184,paranode2
1185,internode
1186,paranode2
1187,paranode1
1188,node
1189,paranode1
1190,paranode2
1191,internode
1192,paranode2
1193,paranode1
1194,node
1195,paranode1
1196,paranode2
1197,internode
1198,paranode2
1199,paranode1
1200,node
1201,paranode1
1202,paranode2
1203,internode
1204,paranode2
1205,paranode1
1206,node
1207,paranode1
1208,paranode2
1209,internode
1210,paranode2
1211,paranode1
1212,node
1213,paranode1
1214,paranode2
1215,internode
1216,paranode2
1217,paranode1
1218,node
1219,paranode1
1220,paranode2
1221,internode
1222,paranode2
1223,paranode1
1224,node
1225,paranode1
1226,paranode2
1227,internode
1228,paranode2
1229,paranode1
1230,node
1231,paranode1
1232,paranode2
1233,internode
1234,paranode2
1235,paranode1
1236,node
1237,paranode1
1238,paranode2
1239,internode
1240,paranode2
1241,paranode1
1242,node
1243,paranode1
1244,paranode2
1245,internode
1246,paranode2
1247,paranode1
1248,node
1249,paranode1
1250,paranode2
1251,internode
1252,paranode2
1253,paranode1
1254,node
1255,paranode1
1256,paranode2
1257,internode
1258,paranode2
1259,paranode1
1260,node
1261,paranode1
1262,paranode2
1263,internode
1264,paranode2
1265,paranode1
1266,node
1267,paranode1
1268,paranode2
1269,internode
1270,paranode2
1271,paranode1
1272,node
1273,paranode1
1274,paranode2
1275,internode
1276,paranode2
1277,paranode1
1278,node
1279,paranode1
1280,paranode2
1281,internode
1282,paranode2
1283,paranode1
1284,node
1285,paranode1
1286,paranode2
1287,internode
1288,paranode2
1289,paranode1
1290,node
1291,paranode1
1292,paranode2
1293,internode
1294,paranode2
1295,paranode1
1296,node
1297,paranode1
1298,paranode2
1299,internode
1300,paranode2
1301,paranode1
1302,node
1303,paranode1
1304,paranode2
1305,internode
1306,paranode2
1307,paranode1
1308,node
1309,paranode1
1310,paranode2
1311,internode
1312,paranode2
1313,paranode1
1314,node
1315,paranode1
1316,paranode2
1317,internode
1318,paranode2
1319,paranode1
1320,node
1321,paranode1
1322,paranode2
1323,internode
1324,paranode2
1325,paranode1
1326,node
1327,paranode1
1328,paranode2
1329,internode
1330,paranode2
1331,paranode1
1332,node
1333,paranode1
1334,paranode2
1335,internode
1336,paranode2
1337,paranode1
1338,node
1339,paranode1
1340,paranode2
1341,internode
1342,paranode2
1343,paranode1
1344,node
1345,paranode1
1346,paranode2
1347,internode
1348,paranode2
1349,paranode1
1350,node
1351,paranode1
1352,paranode2
1353,internode
1354,paranode2
1355,paranode1
1356,node
1357,paranode1
1358,paranode2
1359,internode
1360,paranode2
1361,paranode1
1362,node
1363,paranode1
1364,paranode2
1365,internode
1366,paranode2
1367,paranode1
1368,node
1369,paranode1
1370,paranode2
1371,internode
1372,paranode2
1373,paranode1
1374,node
1375,paranode1
1376,paranode2
1377,internode
1378,paranode2
1379,paranode1
1380,node
1381,paranode1
1382,paranode2
1383,internode
1384,paranode2
1385,paranode1
1386,node
1387,paranode1
1388,paranode2
1389,internode
1390,paranode2
1391,paranode1
1392,node
1393,paranode1
1394,paranode2
1395,internode
1396,paranode2
1397,paranode1
1398,node
1399,paranode1
1400,paranode2
1401,internode
1402,paranode2
1403,paranode1
1404,node
1405,paranode1
1406,paranode2
1407,internode
1408,paranode2
1409,paranode1
1410,node
1411,paranode1
1412,paranode2
1413,internode
1414,paranode2
1415,paranode1
1416,node
1417,paranode1
1418,paranode2
1419,internode
1420,paranode2
1421,paranode1
1422,node
1423,paranode1
1424,paranode2
1425,internode
1426,paranode2
1427,paranode1
1428,node
1429,paranode1
1430,paranode2
1431,internode
1432,paranode2
1433,paranode1
1434,node
1435,paranode1
1436,paranode2
1437,internode
1438,paranode2
1439,paranode1
1440,node
1441,paranode1
1442,paranode2
1443,internode
1444,paranode2
1445,paranode1
1446,node
1447,paranode1
1448,paranode2
1449,internode
1450,paranode2
1451,paranode1
1452,node
1453,paranode1
1454,paranode2
1455,internode
1456,paranode2
1457,paranode1
1458,node
1459,paranode1
1460,paranode2
1461,internode
1462,paranode2
1463,paranode1
1464,node
1465,paranode1
1466,paranode2
1467,internode
1468,paranode2
1469,paranode1
1470,node
1471,paranode1
1472,paranode2
1473,internode
1474,paranode2
1475,paranode1
1476,node
1477,paranode1
1478,paranode2
1479,internode
1480,paranode2
1481,paranode1
1482,node
1483,paranode1
1484,paranode2
1485,internode
1486,paranode2
1487,paranode1
1488,node
1489,paranode1
1490,paranode2
1491,internode
1492,paranode2
1493,paranode1
1494,node
1495,paranode1
1496,paranode2
1497,internode
1498,paranode2
1499,paranode1
1500,node
1501,paranode1
1502,paranode2
1503,internode
1504,paranode2
1505,paranode1
1506,node
1507,paranode1
1508,paranode2
1509,internode
1510,paranode2
1511,paranode1
1512,node
1513,paranode1
1514,paranode2
1515,internode
1516,paranode2
1517,paranode1
1518,node
1519,paranode1
1520,paranode2
1521,internode
1522,paranode2
1523,paranode1
1524,node
1525,paranode1
1526,paranode2
1527,internode
1528,paranode2
1529,paranode1
1530,node
1531,paranode1
1532,paranode2
1533,internode
1534,paranode2
1535,paranode1
1536,node
1537,paranode1
1538,paranode2
1539,internode
1540,paranode2
1541,paranode1
1542,node
1543,paranode1
1544,paranode2
1545,internode
1546,paranode2
1547,paranode1
1548,node
1549,paranode1
1550,paranode2
1551,internode
1552,paranode2
1553,paranode1
1554,node
1555,paranode1
1556,paranode2
1557,internode
1558,paranode2
1559,paranode1
1560,node
1561,paranode1
1562,paranode2
1563,internode
1564,paranode2
1565,paranode1
1566,node
1567,paranode1
1568,paranode2
1569,internode
1570,paranode2
1571,paranode1
1572,node
1573,paranode1
1574,paranode2
1575,internode
1576,paranode2
1577,paranode1
1578,node
1579,paranode1
1580,paranode2
1581,internode
1582,paranode2
1583,paranode1
1584,node
1585,paranode1
1586,paranode2
1587,internode
1588,paranode2
1589,paranode1
1590,node
1591,paranode1
1592,paranode2
1593,internode
1594,paranode2
1595,paranode1
1596,node
1597,paranode1
1598,paranode2
1599,internode
1600,paranode2
1601,paranode1
1602,node
1603,paranode1
1604,paranode2
1605,internode
1606,paranode2
1607,paranode1
1608,node
1609,paranode1
1610,paranode2
1611,internode
1612,paranode2
1613,paranode1
1614,node
1615,paranode1
1616,paranode2
1617,internode
1618,paranode2
1619,paranode1
1620,node
1621,paranode1
1622,paranode2
1623,internode
1624,paranode2
1625,paranode1
1626,node
1627,paranode1
1628,paranode2
1629,internode
1630,paranode2
1631,paranode1
1632,node
1633,paranode1
1634,paranode2
1635,internode
1636,paranode2
1637,paranode1
1638,node
1639,paranode1
1640,paranode2
1641,internode
1642,paranode2
1643,paranode1
1644,node
1645,paranode1
1646,paranode2
1647,internode
1648,paranode2
1649,paranode1
1650,node
1651,paranode1
1652,paranode2
1653,internode
1654,paranode2
1655,paranode1
1656,node
1657,paranode1
1658,paranode2
1659,internode
1660,paranode2
1661,paranode1
1662,node
1663,paranode1
1664,paranode2
1665,internode
1666,paranode2
1667,paranode1
1668,node
1669,paranode1
1670,paranode2
1671,internode
1672,paranode2
1673,paranode1
1674,node
1675,paranode1
1676,paranode2
1677,internode
1678,paranode2
1679,paranode1
1680,node
1681,paranode1
1682,paranode2
1683,internode
1684,paranode2
1685,paranode1
1686,node
1687,paranode1
1688,paranode2
1689,internode
1690,paranode2
1691,paranode1
1692,node
1693,paranode1
1694,paranode2
1695,internode
1696,paranode2
1697,paranode1
1698,node
1699,paranode1
1700,paranode2
1701,internode
1702,paranode2
1703,paranode1
1704,node
1705,paranode1
1706,paranode2
1707,internode
1708,paranode2
1709,paranode1
1710,node
1711,paranode1
1712,paranode2
1713,internode
1714,paranode2
1715,paranode1
1716,node
1717,paranode1
1718,paranode2
1719,internode
1720,paranode2
1721,paranode1
1722,node
1723,paranode1
1724,paranode2
1725,internode
1726,paranode2
1727,paranode1
1728,node
1729,paranode1
1730,paranode2
1731,internode
1732,paranode2
1733,paranode1
1734,node
1735,paranode1
1736,paranode2
1737,internode
1738,paranode2
1739,paranode1
1740,node
1741,paranode1
1742,paranode2
1743,internode
1744,paranode2
1745,paranode1
1746,node
1747,paranode1
1748,paranode2
1749,internode
1750,paranode2
1751,paranode1
1752,node
1753,paranode1
1754,paranode2
1755,internode
1756,paranode2
1757,paranode1
1758,node
1759,paranode1
1760,paranode2
1761,internode
1762,paranode2
1763,paranode1
1764,node
1765,paranode1
1766,paranode2
1767,internode
1768,paranode2
1769,paranode1
1770,node
1771,paranode1
1772,paranode2
1773,internode
1774,paranode2
1775,paranode1
1776,node
1777,paranode1
1778,paranode2
1779,internode
1780,paranode2
1781,paranode1
1782,node
1783,paranode1
1784,paranode2
1785,internode
1786,paranode2
1787,paranode1
1788,node
1789,paranode1
1790,paranode2
1791,internode
1792,paranode2
1793,paranode1
1794,node
1795,paranode1
1796,paranode2
1797,internode
1798,paranode2
1799,paranode1
1800,node
1801,paranode1
1802,paranode2
1803,internode
1804,paranode2
1805,paranode1
1806,node
1807,paranode1
1808,paranode2
1809,internode
1810,paranode2
1811,paranode1
1812,node
1813,paranode1
1814,paranode2
1815,internode
1816,paranode2
1817,paranode1
1818,node
1819,paranode1
1820,paranode2
1821,internode
1822,paranode2
1823,paranode1
1824,node
1825,paranode1
1826,paranode2
1827,internode
1828,paranode2
1829,paranode1
1830,node
1831,paranode1
1832,paranode2
1833,internode
1834,paranode2
1835,paranode1
1836,node
1837,paranode1
1838,paranode2
1839,internode
1840,paranode2
1841,paranode1
1842,node
1843,paranode1
1844,paranode2
1845,internode
1846,paranode2
1847,paranode1
1848,node
1849,paranode1
1850,paranode2
1851,internode
1852,paranode2
1853,paranode1
1854,node
1855,paranode1
1856,paranode2
1857,internode
1858,paranode2
1859,paranode1
1860,node
1861,paranode1
1862,paranode2
1863,internode
1864,paranode2
1865,paranode1
1866,node
1867,paranode1
1868,paranode2
1869,internode
1870,paranode2
1871,paranode1
1872,node
1873,paranode1
1874,paranode2
1875,internode
1876,paranode2
1877,paranode1
1878,node
1879,paranode1
1880,paranode2
1881,internode
1882,paranode2
1883,paranode1
1884,node
1885,paranode1
1886,paranode2
1887,internode
1888,paranode2
1889,paranode1
1890,node
1891,paranode1
1892,paranode2
1893,internode
1894,paranode2
1895,paranode1
1896,node
1897,paranode1
1898,paranode2
1899,internode
1900,paranode2
1901,paranode1
1902,node
1903,paranode1
1904,paranode2
1905,internode
1906,paranode2
1907,paranode1
1908,node
1909,paranode1
1910,paranode2
1911,internode
1912,paranode2
1913,paranode1
1914,node
1915,paranode1
1916,paranode2
1917,internode
1918,paranode2
1919,paranode1
1920,node
1921,paranode1
1922,paranode2
1923,internode
1924,paranode2
1925,paranode1
1926,node
1927,paranode1
1928,paranode2
1929,internode
1930,paranode2
1931,paranode1
1932,node
1933,paranode1
1934,paranode2
1935,internode
1936,paranode2
1937,paranode1
1938,node
1939,paranode1
1940,paranode2
1941,internode
1942,paranode2
1943,paranode1
1944,node
1945,paranode1
1946,paranode2
1947,internode
1948,paranode2
1949,paranode1
1950,node
1951,paranode1
1952,paranode2
1953,internode
1954,paranode2
1955,paranode1
1956,node
1957,paranode1
1958,paranode2
1959,internode
1960,paranode2
1961,paranode1
1962,node
1963,paranode1
1964,paranode2
1965,internode
1966,paranode2
1967,paranode1
1968,node
1969,paranode1
1970,paranode2
1971,internode
1972,paranode2
1973,paranode1
1974,node
1975,paranode1
1976,paranode2
1977,internode
1978,paranode2
1979,paranode1
1980,node
1981,paranode1
1982,paranode2
1983,internode
1984,paranode2
1985,paranode1
1986,node
1987,paranode1
1988,paranode2
1989,internode
1990,paranode2
1991,paranode1
1992,node
1993,paranode1
1994,paranode2
1995,internode
1996,paranode2
1997,paranode1
1998,node
1999,paranode1
2000,paranode2
2001,internode
2002,paranode2
2003,paranode1
2004,node
2005,paranode1
2006,paranode2
2007,internode
2008,paranode2
2009,paranode1
2010,node
2011,paranode1
2012,paranode2
2013,internode
2014,paranode2
2015,paranode1
2016,node
2017,paranode1
2018,paranode2
2019,internode
2020,paranode2
2021,paranode1
2022,node
2023,paranode1
2024,paranode2
2025,internode
2026,paranode2
2027,paranode1
2028,node
2029,paranode1
2030,paranode2
2031,internode
2032,paranode2
2033,paranode1
2034,node
2035,paranode1
2036,paranode2
2037,internode
2038,paranode2
2039,paranode1
2040,node
2041,paranode1
2042,paranode2
2043,internode
2044,paranode2
2045,paranode1
2046,node
2047,paranode1
2048,paranode2
2049,internode
2050,paranode2
2051,paranode1
2052,node
2053,paranode1
2054,paranode2
2055,internode
2056,paranode2
2057,paranode1
2058,node
2059,paranode1
2060,paranode2
2061,internode
2062,paranode2
2063,paranode1
2064,node
2065,paranode1
2066,paranode2
2067,internode
2068,paranode2
2069,paranode1
2070,node
2071,paranode1
2072,paranode2
2073,internode
2074,paranode2
2075,paranode1
2076,node
2077,paranode1
2078,paranode2
2079,internode
2080,paranode2
2081,paranode1
2082,node
2083,paranode1
2084,paranode2
2085,internode
2086,paranode2
2087,paranode1
2088,node
2089,paranode1
2090,paranode2
2091,internode
2092,paranode2
2093,paranode1
2094,node
2095,paranode1
2096,paranode2
2097,internode
2098,paranode2
2099,paranode1
2100,node
2101,paranode1
2102,paranode2
2103,internode
2104,paranode2
2105,paranode1
2106,node
2107,paranode1
2108,paranode2
2109,internode
2110,paranode2
2111,paranode1
2112,node
2113,paranode1
2114,paranode2
2115,internode
2116,paranode2
2117,paranode1
2118,node
2119,paranode1
2120,paranode2
2121,internode
2122,paranode2
2123,paranode1
2124,node
2125,paranode1
2126,paranode2
2127,internode
2128,paranode2
2129,paranode1
2130,node
2131,paranode1
2132,paranode2
2133,internode
2134,paranode2
2135,paranode1
2136,node
2137,paranode1
2138,paranode2
2139,internode
2140,paranode2
2141,paranode1
2142,node
2143,paranode1
2144,paranode2
2145,internode
2146,paranode2
2147,paranode1
2148,node
2149,paranode1
2150,paranode2
2151,internode
2152,paranode2
2153,paranode1
2154,node
2155,paranode1
2156,paranode2
2157,internode
2158,paranode2
2159,paranode1
2160,node
2161,paranode1
2162,paranode2
2163,internode
2164,paranode2
2165,paranode1
2166,node
2167,paranode1
2168,paranode2
2169,internode
2170,paranode2
2171,paranode1
2172,node
2173,paranode1
2174,paranode2
2175,internode
2176,paranode2
2177,paranode1
2178,node
2179,paranode1
2180,paranode2
2181,internode
2182,paranode2
2183,paranode1
2184,node
2185,paranode1
2186,paranode2
2187,internode
2188,paranode2
2189,paranode1
2190,node
2191,paranode1
2192,paranode2
2193,internode
2194,paranode2
2195,paranode1
2196,node
2197,paranode1
2198,paranode2
2199,internode
2200,paranode2
2201,paranode1
2202,node
2203,paranode1
2204,paranode2
2205,internode
2206,paranode2
2207,paranode1
2208,node
2209,paranode1
2210,paranode2
2211,internode
2212,paranode2
2213,paranode1
2214,node
2215,paranode1
2216,paranode2
2217,internode
2218,paranode2
2219,paranode1
2220,node
2221,paranode1
2222,paranode2
2223,internode
2224,paranode2
2225,paranode1
2226,node
2227,paranode1
2228,paranode2
2229,internode
2230,paranode2
2231,paranode1
2232,node
2233,paranode1
2234,paranode2
2235,internode
2236,paranode2
2237,paranode1
2238,node
2239,paranode1
2240,paranode2
2241,internode
2242,paranode2
2243,paranode1
2244,node
2245,paranode1
2246,paranode2
2247,internode
2248,paranode2
2249,paranode1
2250,node
2251,paranode1
2252,paranode2
2253,internode
2254,paranode2
2255,paranode1
2256,node
2257,paranode1
2258,paranode2
2259,internode
2260,paranode2
2261,paranode1
2262,node
2263,paranode1
2264,paranode2
2265,internode
2266,paranode2
2267,paranode1
2268,node
2269,paranode1
2270,paranode2
2271,internode
2272,paranode2
2273,paranode1
2274,node
2275,paranode1
2276,paranode2
2277,internode
2278,paranode2
2279,paranode1
2280,node
2281,paranode1
2282,paranode2
2283,internode
2284,paranode2
2285,paranode1
2286,node
2287,paranode1
2288,paranode2
2289,internode
2290,paranode2
2291,paranode1
2292,node
2293,paranode1
2294,paranode2
2295,internode
2296,paranode2
2297,paranode1
2298,node
2299,paranode1
2300,paranode2
2301,internode
2302,paranode2
2303,paranode1
2304,node
2305,paranode1
2306,paranode2
2307,internode
2308,paranode2
2309,paranode1
2310,node
2311,paranode1
2312,paranode2
2313,internode
2314,paranode2
2315,paranode1
2316,node
2317,paranode1
2318,paranode2
2319,internode
2320,paranode2
2321,paranode1
2322,node
2323,paranode1
2324,paranode2
2325,internode
2326,paranode2
2327,paranode1
2328,node
2329,paranode1
2330,paranode2
2331,internode
2332,paranode2
2333,paranode1
2334,node
2335,paranode1
2336,paranode2
2337,internode
2338,paranode2
2339,paranode1
2340,node
2341,paranode1
2342,paranode2
2343,internode
2344,paranode2
2345,paranode1
2346,node
2347,paranode1
2348,paranode2
2349,internode
2350,paranode2
2351,paranode1
2352,node
2353,paranode1
2354,paranode2
2355,internode
2356,paranode2
2357,paranode1
2358,node
2359,paranode1
2360,paranode2
2361,internode
2362,paranode2
2363,paranode1
2364,node
2365,paranode1
2366,paranode2
2367,internode
2368,paranode2
2369,paranode1
2370,node
2371,paranode1
2372,paranode2
2373,internode
2374,paranode2
2375,paranode1
2376,node
2377,paranode1
2378,paranode2
2379,internode
2380,paranode2
2381,paranode1
2382,node
2383,paranode1
2384,paranode2
2385,internode
2386,paranode2
2387,paranode1
2388,node
2389,paranode1
2390,paranode2
2391,internode
2392,paranode2
2393,paranode1
2394,node
2395,paranode1
2396,paranode2
2397,internode
2398,paranode2
2399,paranode1
2400,node
2401,paranode1
2402,paranode2
2403,internode
2404,paranode2
2405,paranode1
2406,node
2407,paranode1
2408,paranode2
2409,internode
2410,paranode2
2411,paranode1
2412,node
2413,paranode1
2414,paranode2
2415,internode
2416,paranode2
2417,paranode1
2418,node
2419,paranode1
2420,paranode2
2421,internode
2422,paranode2
2423,paranode1
2424,node
2425,paranode1
2426,paranode2
2427,internode
2428,paranode2
2429,paranode1
2430,node
2431,paranode1
2432,paranode2
2433,internode
2434,paranode2
2435,paranode1
2436,node
2437,paranode1
2438,paranode2
2439,internode
2440,paranode2
2441,paranode1
2442,node
2443,paranode1
2444,paranode2
2445,internode
2446,paranode2
2447,paranode1
2448,node
2449,paranode1
2450,paranode2
2451,internode
2452,paranode2
2453,paranode1
2454,node
2455,paranode1
2456,paranode2
2457,internode
2458,paranode2
2459,paranode1
2460,node
2461,paranode1
2462,paranode2
2463,internode
2464,paranode2
2465,paranode1
2466,node
2467,paranode1
2468,paranode2
2469,internode
2470,paranode2
2471,paranode1
2472,node
2473,paranode1
2474,paranode2
2475,internode
2476,paranode2
2477,paranode1
2478,node
2479,paranode1
2480,paranode2
2481,internode
2482,paranode2
2483,paranode1
2484,node
2485,paranode1
2486,paranode2
2487,internode
2488,paranode2
2489,paranode1
2490,node
2491,paranode1
2492,paranode2
2493,internode
2494,paranode2
2495,paranode1
2496,node
2497,paranode1
2498,paranode2
2499,internode
2500,paranode2
2501,paranode1
2502,node
2503,paranode1
2504,paranode2
2505,internode
2506,paranode2
2507,paranode1
2508,node
2509,paranode1
2510,paranode2
2511,internode
2512,paranode2
2513,paranode1
2514,node
2515,paranode1
2516,paranode2
2517,internode
2518,paranode2
2519,paranode1
2520,node
2521,paranode1
2522,paranode2
2523,internode
2524,paranode2
2525,paranode1
2526,node
2527,paranode1
2528,paranode2
2529,internode
2530,paranode2
2531,paranode1
2532,node
2533,paranode1
2534,paranode2
2535,internode
2536,paranode2
2537,paranode1
2538,node
2539,paranode1
2540,paranode2
2541,internode
2542,paranode2
2543,paranode1
2544,node
2545,paranode1
2546,paranode2
2547,internode
2548,paranode2
2549,paranode1
2550,node
2551,paranode1
2552,paranode2
2553,internode
2554,paranode2
2555,paranode1
2556,node
2557,paranode1
2558,paranode2
2559,internode
2560,paranode2
2561,paranode1
2562,node
2563,paranode1
2564,paranode2
2565,internode
2566,paranode2
2567,paranode1
2568,node
2569,paranode1
2570,paranode2
2571,internode
2572,paranode2
2573,paranode1
2574,node
2575,paranode1
2576,paranode2
2577,internode
2578,paranode2
2579,paranode1
2580,node
2581,paranode1
2582,paranode2
2583,internode
2584,paranode2
2585,paranode1
2586,node
2587,paranode1
2588,paranode2
2589,internode
2590,paranode2
2591,paranode1
2592,node
2593,paranode1
2594,paranode2
2595,internode
2596,paranode2
2597,paranode1
2598,node
2599,paranode1
2600,paranode2
2601,internode
2602,paranode2
2603,paranode1
2604,node
2605,paranode1
2606,paranode2
2607,internode
2608,paranode2
2609,paranode1
2610,node
2611,paranode1
2612,paranode2
2613,internode
2614,paranode2
2615,paranode1
2616,node
2617,paranode1
2618,paranode2
2619,internode
2620,paranode2
2621,paranode1
2622,node
2623,paranode1
2624,paranode2
2625,internode
2626,paranode2
2627,paranode1
2628,node
2629,paranode1
2630,paranode2
2631,internode
2632,paranode2
2633,paranode1
2634,node
2635,paranode1
2636,paranode2
2637,internode
2638,paranode2
2639,paranode1
2640,node
2641,paranode1
2642,paranode2
2643,internode
2644,paranode2
2645,paranode1
2646,node
2647,paranode1
2648,paranode2
2649,internode
2650,paranode2
2651,paranode1
2652,node
2653,paranode1
2654,paranode2
2655,internode
2656,paranode2
2657,paranode1
2658,node
2659,paranode1
2660,paranode2
2661,internode
2662,paranode2
2663,paranode1
2664,node
2665,paranode1
2666,paranode2
2667,internode
2668,paranode2
2669,paranode1
2670,node
2671,paranode1
2672,paranode2
2673,internode
2674,paranode2
2675,paranode1
2676,node
2677,paranode1
2678,paranode2
2679,internode
2680,paranode2
2681,paranode1
2682,node
2683,paranode1
2684,paranode2
2685,internode
2686,paranode2
2687,paranode1
2688,node
2689,paranode1
2690,paranode2
2691,internode
2692,paranode2
2693,paranode1
2694,node
2695,paranode1
2696,paranode2
2697,internode
2698,paranode2
2699,paranode1
2700,node
2701,paranode1
2702,paranode2
2703,internode
2704,paranode2
2705,paranode1
2706,node
2707,paranode1
2708,paranode2
2709,internode
2710,paranode2
2711,paranode1
2712,node
2713,paranode1
2714,paranode2
2715,internode
2716,paranode2
2717,paranode1
2718,node
2719,paranode1
2720,paranode2
2721,internode
2722,paranode2
2723,paranode1
2724,node
2725,paranode1
2726,paranode2
2727,internode
2728,paranode2
2729,paranode1
2730,node
2731,paranode1
2732,paranode2
2733,internode
2734,paranode2
2735,paranode1
2736,node
2737,paranode1
2738,paranode2
2739,internode
2740,paranode2
2741,paranode1
2742,node
2743,paranode1
2744,paranode2
2745,internode
2746,paranode2
2747,paranode1
2748,node
2749,paranode1
2750,paranode2
2751,internode
2752,paranode2
2753,paranode1
2754,node
2755,paranode1
2756,paranode2
2757,internode
2758,paranode2
2759,paranode1
2760,node
2761,paranode1
2762,paranode2
2763,internode
2764,paranode2
2765,paranode1
2766,node
2767,paranode1
2768,paranode2
2769,internode
2770,paranode2
2771,paranode1
2772,node
2773,paranode1
2774,paranode2
2775,internode
2776,paranode2
2777,paranode1
2778,node
2779,paranode1
2780,paranode2
2781,internode
2782,paranode2
2783,paranode1
2784,node
2785,paranode1
2786,paranode2
2787,internode
2788,paranode2
2789,paranode1
2790,node
2791,paranode1
2792,paranode2
2793,internode
2794,paranode2
2795,paranode1
2796,node
2797,paranode1
2798,paranode2
2799,internode
2800,paranode2
2801,paranode1
2802,node
2803,paranode1
2804,paranode2
2805,internode
2806,paranode2
2807,paranode1
2808,node
2809,paranode1
2810,paranode2
2811,internode
2812,paranode2
2813,paranode1
2814,node
2815,paranode1
2816,paranode2
2817,internode
2818,paranode2
2819,paranode1
2820,node
2821,paranode1
2822,paranode2
2823,internode
2824,paranode2
2825,paranode1
2826,node
2827,paranode1
2828,paranode2
2829,internode
2830,paranode2
2831,paranode1
2832,node
2833,paranode1
2834,paranode2
2835,internode
2836,paranode2
2837,paranode1
2838,node
2839,paranode1
2840,paranode2
2841,internode
2842,paranode2
2843,paranode1
2844,node
2845,paranode1
2846,paranode2
2847,internode
2848,paranode2
2849,paranode1
2850,node
2851,paranode1
2852,paranode2
2853,internode
2854,paranode2
2855,paranode1
2856,node
2857,paranode1
2858,paranode2
2859,internode
2860,paranode2
2861,paranode1
2862,node
2863,paranode1
2864,paranode2
2865,internode
2866,paranode2
2867,paranode1
2868,node
2869,paranode1
2870,paranode2
2871,internode
2872,paranode2
2873,paranode1
2874,node
2875,paranode1
2876,paranode2
2877,internode
2878,paranode2
2879,paranode1
2880,node
2881,paranode1
2882,paranode2
2883,internode
2884,paranode2
2885,paranode1
2886,node
2887,paranode1
2888,paranode2
2889,internode
2890,paranode2
2891,paranode1
2892,node
2893,paranode1
2894,paranode2
2895,internode
2896,paranode2
2897,paranode1
2898,node
2899,paranode1
2900,paranode2
2901,internode
2902,paranode2
2903,paranode1
2904,node
2905,paranode1
2906,paranode2
2907,internode
2908,paranode2
2909,paranode1
2910,node
2911,paranode1
2912,paranode2
2913,internode
2914,paranode2
2915,paranode1
2916,node
2917,paranode1
2918,paranode2
2919,internode
2920,paranode2
2921,paranode1
2922,node
2923,paranode1
2924,paranode2
2925,internode
2926,paranode2
2927,paranode1
2928,node
2929,paranode1
2930,paranode2
2931,internode
2932,paranode2
2933,paranode1
2934,node
2935,paranode1
2936,paranode2
2937,internode
2938,paranode2
2939,paranode1
2940,node
2941,paranode1
2942,paranode2
2943,internode
2944,paranode2
2945,paranode1
2946,node
2947,paranode1
2948,paranode2
2949,internode
2950,paranode2
2951,paranode1
2952,node
2953,paranode1
2954,paranode2
2955,internode
2956,paranode2
2957,paranode1
2958,node
2959,paranode1
2960,paranode2
2961,internode
2962,paranode2
2963,paranode1
2964,node
2965,paranode1
2966,paranode2
2967,internode
2968,paranode2
2969,paranode1
2970,node
2971,paranode1
2972,paranode2
2973,internode
2974,paranode2
2975,paranode1
2976,node
2977,paranode1
2978,paranode2
2979,internode
2980,paranode2
2981,paranode1
2982,node
2983,paranode1
2984,paranode2
2985,internode
2986,paranode2
2987,paranode1
2988,node
2989,paranode1
2990,paranode2
2991,internode
2992,paranode2
2993,paranode1
2994,node
2995,paranode1
2996,paranode2
2997,internode
2998,paranode2
2999,paranode1
3000,node
3001,paranode1
3002,paranode2
3003,internode
3004,paranode2
3005,paranode1
3006,node
3007,paranode1
3008,paranode2
3009,internode
3010,paranode2
3011,paranode1
3012,node
3013,paranode1
3014,paranode2
3015,internode
3016,paranode2
3017,paranode1
3018,node
3019,paranode1
3020,paranode2
3021,internode
3022,paranode2
3023,paranode1
3024,node
3025,paranode1
3026,paranode2
3027,internode
3028,paranode2
3029,paranode1
3030,node
3031,paranode1
3032,paranode2
3033,internode
3034,paranode2
3035,paranode1
3036,node
3037,paranode1
3038,paranode2
3039,internode
3040,paranode2
3041,paranode1
3042,node
3043,paranode1
3044,paranode2
3045,internode
3046,paranode2
3047,paranode1
3048,node
3049,paranode1
3050,paranode2
3051,internode
3052,paranode2
3053,paranode1
3054,node
3055,paranode1
3056,paranode2
3057,internode
3058,paranode2
3059,paranode1
3060,node
3061,paranode1
3062,paranode2
3063,internode
3064,paranode2
3065,paranode1
3066,node
3067,paranode1
3068,paranode2
3069,internode
3070,paranode2
3071,paranode1
3072,node
3073,paranode1
3074,paranode2
3075,internode
3076,paranode2
3077,paranode1
3078,node
3079,paranode1
3080,paranode2
3081,internode
3082,paranode2
3083,paranode1
3084,node
3085,paranode1
3086,paranode2
3087,internode
3088,paranode2
3089,paranode1
3090,node
3091,paranode1
3092,paranode2
3093,internode
3094,paranode2
3095,paranode1
3096,node
3097,paranode1
3098,paranode2
3099,internode
3100,paranode2
3101,paranode1
3102,node
3103,paranode1
3104,paranode2
3105,internode
3106,paranode2
3107,paranode1
3108,node
3109,paranode1
3110,paranode2
3111,internode
3112,paranode2
3113,paranode1
3114,node
3115,paranode1
3116,paranode2
3117,internode
3118,paranode2
3119,paranode1
3120,node
3121,paranode1
3122,paranode2
3123,internode
3124,paranode2
3125,paranode1
3126,node
3127,paranode1
3128,paranode2
3129,internode
3130,paranode2
3131,paranode1
3132,node
3133,paranode1
3134,paranode2
3135,internode
3136,paranode2
3137,paranode1
3138,node
3139,paranode1
3140,paranode2
3141,internode
3142,paranode2
3143,paranode1
3144,node
3145,paranode1
3146,paranode2
3147,internode
3148,paranode2
3149,paranode1
3150,node
3151,paranode1
3152,paranode2
3153,internode
3154,paranode2
3155,paranode1
3156,node
3157,paranode1
3158,paranode2
3159,internode
3160,paranode2
3161,paranode1
3162,node
3163,paranode1
3164,paranode2
3165,internode
3166,paranode2
3167,paranode1
3168,node
3169,paranode1
3170,paranode2
3171,internode
3172,paranode2
3173,paranode1
3174,node
3175,paranode1
3176,paranode2
3177,internode
3178,paranode2
3179,paranode1
3180,node
3181,paranode1
3182,paranode2
3183,internode
3184,paranode2
3185,paranode1
3186,node
3187,paranode1
3188,paranode2
3189,internode
3190,paranode2
3191,paranode1
3192,node
3193,paranode1
3194,paranode2
3195,internode
3196,paranode2
3197,paranode1
3198,node
3199,paranode1
3200,paranode2
3201,internode
3202,paranode2
3203,paranode1
3204,node
3205,paranode1
3206,paranode2
3207,internode
3208,paranode2
3209,paranode1
3210,node
3211,paranode1
3212,paranode2
3213,internode
3214,paranode2
3215,paranode1
3216,node
3217,paranode1
3218,paranode2
3219,internode
3220,paranode2
3221,paranode1
3222,node
3223,paranode1
3224,paranode2
3225,internode
3226,paranode2
3227,paranode1
3228,node
3229,paranode1
3230,paranode2
3231,internode
3232,paranode2
3233,paranode1
3234,node
3235,paranode1
3236,paranode2
3237,internode
3238,paranode2
3239,paranode1
3240,node
3241,paranode1
3242,paranode2
3243,internode
3244,paranode2
3245,paranode1
3246,node
3247,paranode1
3248,paranode2
3249,internode
3250,paranode2
3251,paranode1
3252,node
3253,paranode1
3254,paranode2
3255,internode
3256,paranode2
3257,paranode1
3258,node
3259,paranode1
3260,paranode2
3261,internode
3262,paranode2
3263,paranode1
3264,node
3265,paranode1
3266,paranode2
3267,internode
3268,paranode2
3269,paranode1
3270,node
3271,paranode1
3272,paranode2
3273,internode
3274,paranode2
3275,paranode1
3276,node
3277,paranode1
3278,paranode2
3279,internode
3280,paranode2
3281,paranode1
3282,node
3283,paranode1
3284,paranode2
3285,internode
3286,paranode2
3287,paranode1
3288,node
3289,paranode1
3290,paranode2
3291,internode
3292,paranode2
3293,paranode1
3294,node
3295,paranode1
3296,paranode2
3297,internode
3298,paranode2
3299,paranode1
3300,node
3301,paranode1
3302,paranode2
3303,internode
3304,paranode2
3305,paranode1
3306,node
3307,paranode1
3308,paranode2
3309,internode
3310,paranode2
3311,paranode1
3312,node
3313,paranode1
3314,paranode2
3315,internode
3316,paranode2
3317,paranode1
3318,node
3319,paranode1
3320,paranode2
3321,internode
3322,paranode2
3323,paranode1
3324,node
3325,paranode1
3326,paranode2
3327,internode
3328,paranode2
3329,paranode1
3330,node
3331,paranode1
3332,paranode2
3333,internode
3334,paranode2
3335,paranode1
3336,node
3337,paranode1
3338,paranode2
3339,internode
3340,paranode2
3341,paranode1
3342,node
3343,paranode1
3344,paranode2
3345,internode
3346,paranode2
3347,paranode1
3348,node
3349,paranode1
3350,paranode2
3351,internode
3352,paranode2
3353,paranode1
3354,node
3355,paranode1
3356,paranode2
3357,internode
3358,paranode2
3359,paranode1
3360,node
3361,paranode1
3362,paranode2
3363,internode
3364,paranode2
3365,paranode1
3366,node
3367,paranode1
3368,paranode2
3369,internode
3370,paranode2
3371,paranode1
3372,node
3373,paranode1
3374,paranode2
3375,internode
3376,paranode2
3377,paranode1
3378,node
3379,paranode1
3380,paranode2
3381,internode
3382,paranode2
3383,paranode1
3384,node
3385,paranode1
3386,paranode2
3387,internode
3388,paranode2
3389,paranode1
3390,node
3391,paranode1
3392,paranode2
3393,internode
3394,paranode2
3395,paranode1
3396,node
3397,paranode1
3398,paranode2
3399,internode
3400,paranode2
3401,paranode1
3402,node
3403,paranode1
3404,paranode2
3405,internode
3406,paranode2
3407,paranode1
3408,node
3409,paranode1
3410,paranode2
3411,internode
3412,paranode2
3413,paranode1
3414,node
3415,paranode1
3416,paranode2
3417,internode
3418,paranode2
3419,paranode1
3420,node
3421,paranode1
3422,paranode2
3423,internode
3424,paranode2
3425,paranode1
3426,node
3427,paranode1
3428,paranode2
3429,internode
3430,paranode2
3431,paranode1
3432,node
3433,paranode1
3434,paranode2
3435,internode
3436,paranode2
3437,paranode1
3438,node
3439,paranode1
3440,paranode2
3441,internode
3442,paranode2
3443,paranode1
3444,node
3445,paranode1
3446,paranode2
3447,internode
3448,paranode2
3449,paranode1
3450,node
3451,paranode1
3452,paranode2
3453,internode
3454,paranode2
3455,paranode1
3456,node
3457,paranode1
3458,paranode2
3459,internode
3460,paranode2
3461,paranode1
3462,node
3463,paranode1
3464,paranode2
3465,internode
3466,paranode2
3467,paranode1
3468,node
3469,paranode1
3470,paranode2
3471,internode
3472,paranode2
3473,paranode1
3474,node
3475,paranode1
3476,paranode2
3477,internode
3478,paranode2
3479,paranode1
3480,node
3481,paranode1
3482,paranode2
3483,internode
3484,paranode2
3485,paranode1
3486,node
3487,paranode1
3488,paranode2
3489,internode
3490,paranode2
3491,paranode1
3492,node
3493,paranode1
3494,paranode2
3495,internode
3496,paranode2
3497,paranode1
3498,node
3499,paranode1
3500,paranode2
3501,internode
3502,paranode2
3503,paranode1
3504,node
3505,paranode1
3506,paranode2
3507,internode
3508,paranode2
3509,paranode1
3510,node
3511,paranode1
3512,paranode2
3513,internode
3514,paranode2
3515,paranode1
3516,node
3517,paranode1
3518,paranode2
3519,internode
3520,paranode2
3521,paranode1
3522,node
3523,paranode1
3524,paranode2
3525,internode
3526,paranode2
3527,paranode1
3528,node
3529,paranode1
3530,paranode2
3531,internode
3532,paranode2
3533,paranode1
3534,node
3535,paranode1
3536,paranode2
3537,internode
3538,paranode2
3539,paranode1
3540,node
3541,paranode1
3542,paranode2
3543,internode
3544,paranode2
3545,paranode1
3546,node
3547,paranode1
3548,paranode2
3549,internode
3550,paranode2
3551,paranode1
3552,node
3553,paranode1
3554,paranode2
3555,internode
3556,paranode2
3557,paranode1
3558,node
3559,paranode1
3560,paranode2
3561,internode
3562,paranode2
3563,paranode1
3564,node
3565,paranode1
3566,paranode2
3567,internode
3568,paranode2
3569,paranode1
3570,node
3571,paranode1
3572,paranode2
3573,internode
3574,paranode2
3575,paranode1
3576,node
3577,paranode1
3578,paranode2
3579,internode
3580,paranode2
3581,paranode1
3582,node
3583,paranode1
3584,paranode2
3585,internode
3586,paranode2
3587,paranode1
3588,node
3589,paranode1
3590,paranode2
3591,internode
3592,paranode2
3593,paranode1
3594,node
3595,paranode1
3596,paranode2
3597,internode
3598,paranode2
3599,paranode1
3600,node
3601,paranode1
3602,paranode2
3603,internode
3604,paranode2
3605,paranode1
3606,node
3607,paranode1
3608,paranode2
3609,internode
3610,paranode2
3611,paranode1
3612,node
3613,paranode1
3614,paranode2
3615,internode
3616,paranode2
3617,paranode1
3618,node
3619,paranode1
3620,paranode2
3621,internode
3622,paranode2
3623,paranode1
3624,node
3625,paranode1
3626,paranode2
3627,internode
3628,paranode2
3629,paranode1
3630,node
3631,paranode1
3632,paranode2
3633,internode
3634,paranode2
3635,paranode1
3636,node
3637,paranode1
3638,paranode2
3639,internode
3640,paranode2
3641,paranode1
3642,node
3643,paranode1
3644,paranode2
3645,internode
3646,paranode2
3647,paranode1
3648,node
3649,paranode1
3650,paranode2
3651,internode
3652,paranode2
3653,paranode1
3654,node
3655,paranode1
3656,paranode2
3657,internode
3658,paranode2
3659,paranode1
3660,node
3661,paranode1
3662,paranode2
3663,internode
3664,paranode2
3665,paranode1
3666,node
3667,paranode1
3668,paranode2
3669,internode
3670,paranode2
3671,paranode1
3672,node
3673,paranode1
3674,paranode2
3675,internode
3676,paranode2
3677,paranode1
3678,node
3679,paranode1
3680,paranode2
3681,internode
3682,paranode2
3683,paranode1
3684,node
3685,paranode1
3686,paranode2
3687,internode
3688,paranode2
3689,paranode1
3690,node
3691,paranode1
3692,paranode2
3693,internode
3694,paranode2
3695,paranode1
3696,node
3697,paranode1
3698,paranode2
3699,internode
3700,paranode2
3701,paranode1
3702,node
3703,paranode1
3704,paranode2
3705,internode
3706,paranode2
3707,paranode1
3708,node
3709,paranode1
3710,paranode2
3711,internode
3712,paranode2
3713,paranode1
3714,node
3715,paranode1
3716,paranode2
3717,internode
3718,paranode2
3719,paranode1
3720,node
3721,paranode1
3722,paranode2
3723,internode
3724,paranode2
3725,paranode1
3726,node
3727,paranode1
3728,paranode2
3729,internode
3730,paranode2
3731,paranode1
3732,node
3733,paranode1
3734,paranode2
3735,internode
3736,paranode2
3737,paranode1
3738,node
3739,paranode1
3740,paranode2
3741,internode
3742,paranode2
3743,paranode1
3744,node
3745,paranode1
3746,paranode2
3747,internode
3748,paranode2
3749,paranode1
3750,node
3751,paranode1
3752,paranode2
3753,internode
3754,paranode2
3755,paranode1
3756,node
3757,paranode1
3758,paranode2
3759,internode
3760,paranode2
3761,paranode1
3762,node
3763,paranode1
3764,paranode2
3765,internode
3766,paranode2
3767,paranode1
3768,node
3769,paranode1
3770,paranode2
3771,internode
3772,paranode2
3773,paranode1
3774,node
3775,paranode1
3776,paranode2
3777,internode
3778,paranode2
3779,paranode1
3780,node
3781,paranode1
3782,paranode2
3783,internode
3784,paranode2
3785,paranode1
3786,node
3787,paranode1
3788,paranode2
3789,internode
3790,paranode2
3791,paranode1
3792,node
3793,paranode1
3794,paranode2
3795,internode
3796,paranode2
3797,paranode1
3798,node
3799,paranode1
3800,paranode2
3801,internode
3802,paranode2
3803,paranode1
3804,node
3805,paranode1
3806,paranode2
3807,internode
3808,paranode2
3809,paranode1
3810,node
3811,paranode1
3812,paranode2
3813,internode
3814,paranode2
3815,paranode1
3816,node
3817,paranode1
3818,paranode2
3819,internode
3820,paranode2
3821,paranode1
3822,node
3823,paranode1
3824,paranode2
3825,internode
3826,paranode2
3827,paranode1
3828,node
3829,paranode1
3830,paranode2
3831,internode
3832,paranode2
3833,paranode1
3834,node
3835,paranode1
3836,paranode2
3837,internode
3838,paranode2
3839,paranode1
3840,node
3841,paranode1
3842,paranode2
3843,internode
3844,paranode2
3845,paranode1
3846,node
3847,paranode1
3848,paranode2
3849,internode
3850,paranode2
3851,paranode1
3852,node
3853,paranode1
3854,paranode2
3855,internode
3856,paranode2
3857,paranode1
3858,node
3859,paranode1
3860,paranode2
3861,internode
3862,paranode2
3863,paranode1
3864,node
3865,paranode1
3866,paranode2
3867,internode
3868,paranode2
3869,paranode1
3870,node
3871,paranode1
3872,paranode2
3873,internode
3874,paranode2
3875,paranode1
3876,node
3877,paranode1
3878,paranode2
3879,internode
3880,paranode2
3881,paranode1
3882,node
3883,paranode1
3884,paranode2
3885,internode
3886,paranode2
3887,paranode1
3888,node
3889,paranode1
3890,paranode2
3891,internode
3892,paranode2
3893,paranode1
3894,node
3895,paranode1
3896,paranode2
3897,internode
3898,paranode2
3899,paranode1
3900,node
3901,paranode1
3902,paranode2
3903,internode
3904,paranode2
3905,paranode1
3906,node
3907,paranode1
3908,paranode2
3909,internode
3910,paranode2
3911,paranode1
3912,node
3913,paranode1
3914,paranode2
3915,internode
3916,paranode2
3917,paranode1
3918,node
3919,paranode1
3920,paranode2
3921,internode
3922,paranode2
3923,paranode1
3924,node
3925,paranode1
3926,paranode2
3927,internode
3928,paranode2
3929,paranode1
3930,node
3931,paranode1
3932,paranode2
3933,internode
3934,paranode2
3935,paranode1
3936,node
3937,paranode1
3938,paranode2
3939,internode
3940,paranode2
3941,paranode1
3942,node
3943,paranode1
3944,paranode2
3945,internode
3946,paranode2
3947,paranode1
3948,node
3949,paranode1
3950,paranode2
3951,internode
3952,paranode2
3953,paranode1
3954,node
3955,paranode1
3956,paranode2
3957,internode
3958,paranode2
3959,paranode1
3960,node
3961,paranode1
3962,paranode2
3963,internode
3964,paranode2
3965,paranode1
3966,node
3967,paranode1
3968,paranode2
3969,internode
3970,paranode2
3971,paranode1
3972,node
3973,paranode1
3974,paranode2
3975,internode
3976,paranode2
3977,paranode1
3978,node
3979,paranode1
3980,paranode2
3981,internode
3982,paranode2
3983,paranode1
3984,node
3985,paranode1
3986,paranode2
3987,internode
3988,paranode2
3989,paranode1
3990,node
3991,paranode1
3992,paranode2
3993,internode
3994,paranode2
3995,paranode1
3996,node
3997,paranode1
3998,paranode2
3999,internode
4000,paranode2
4001,paranode1
4002,node
4003,paranode1
4004,paranode2
4005,internode
4006,paranode2
4007,paranode1
4008,node
4009,paranode1
4010,paranode2
4011,internode
4012,paranode2
4013,paranode1
4014,node
4015,paranode1
4016,paranode2
4017,internode
4018,paranode2
4019,paranode1
4020,node
4021,paranode1
4022,paranode2
4023,internode
4024,paranode2
4025,paranode1
4026,node
4027,paranode1
4028,paranode2
4029,internode
4030,paranode2
4031,paranode1
4032,node
4033,paranode1
4034,paranode2
4035,internode
4036,paranode2
4037,paranode1
4038,node
4039,paranode1
4040,paranode2
4041,internode
4042,paranode2
4043,paranode1
4044,node
4045,paranode1
4046,paranode2
4047,internode
4048,paranode2
4049,paranode1
4050,node
4051,paranode1
4052,paranode2
4053,internode
4054,paranode2
4055,paranode1
4056,node
4057,paranode1
4058,paranode2
4059,internode
4060,paranode2
4061,paranode1
4062,node
4063,paranode1
4064,paranode2
4065,internode
4066,paranode2
4067,paranode1
4068,node
4069,paranode1
4070,paranode2
4071,internode
4072,paranode2
4073,paranode1
4074,node
4075,paranode1
4076,paranode2
4077,internode
4078,paranode2
4079,paranode1
4080,node
4081,paranode1
4082,paranode2
4083,internode
4084,paranode2
4085,paranode1
4086,node
4087,paranode1
4088,paranode2
4089,internode
4090,paranode2
4091,paranode1
4092,node
4093,paranode1
4094,paranode2
4095,internode
4096,paranode2
4097,paranode1
4098,node
4099,paranode1
4100,paranode2
4101,internode
4102,paranode2
4103,paranode1
4104,node
4105,paranode1
4106,paranode2
4107,internode
4108,paranode2
4109,paranode1
4110,node
4111,paranode1
4112,paranode2
4113,internode
4114,paranode2
4115,paranode1
4116,node
4117,paranode1
4118,paranode2
4119,internode
4120,paranode2
4121,paranode1
4122,node
4123,paranode1
4124,paranode2
4125,internode
4126,paranode2
4127,paranode1
4128,node
4129,paranode1
4130,paranode2
4131,internode
4132,paranode2
4133,paranode1
4134,node
4135,paranode1
4136,paranode2
4137,internode
4138,paranode2
4139,paranode1
4140,node
4141,paranode1
4142,paranode2
4143,internode
4144,paranode2
4145,paranode1
4146,node
4147,paranode1
4148,paranode2
4149,internode
4150,paranode2
4151,paranode1
4152,node
4153,paranode1
4154,paranode2
4155,internode
4156,paranode2
4157,paranode1
4158,node
4159,paranode1
4160,paranode2
4161,internode
4162,paranode2
4163,paranode1
4164,node
4165,paranode1
4166,paranode2
4167,internode
4168,paranode2
4169,paranode1
4170,node
4171,paranode1
4172,paranode2
4173,internode
4174,paranode2
4175,paranode1
4176,node
4177,paranode1
4178,paranode2
4179,internode
4180,paranode2
4181,paranode1
4182,node
4183,paranode1
4184,paranode2
4185,internode
4186,paranode2
4187,paranode1
4188,node
4189,paranode1
4190,paranode2
4191,internode
4192,paranode2
4193,paranode1
4194,node
4195,paranode1
4196,paranode2
4197,internode
4198,paranode2
4199,paranode1
4200,node
4201,paranode1
4202,paranode2
4203,internode
4204,paranode2
4205,paranode1
4206,node
4207,paranode1
4208,paranode2
4209,internode
4210,paranode2
4211,paranode1
4212,node
4213,paranode1
4214,paranode2
4215,internode
4216,paranode2
4217,paranode1
4218,node
4219,paranode1
4220,paranode2
4221,internode
4222,paranode2
4223,paranode1
4224,node
4225,paranode1
4226,paranode2
4227,internode
4228,paranode2
4229,paranode1
4230,node
4231,paranode1
4232,paranode2
4233,internode
4234,paranode2
4235,paranode1
4236,node
4237,paranode1
4238,paranode2
4239,internode
4240,paranode2
4241,paranode1
4242,node
4243,paranode1
4244,paranode2
4245,internode
4246,paranode2
4247,paranode1
4248,node
4249,paranode1
4250,paranode2
4251,internode
4252,paranode2
4253,paranode1
4254,node
4255,paranode1
4256,paranode2
4257,internode
4258,paranode2
4259,paranode1
4260,node
4261,paranode1
4262,paranode2
4263,internode
4264,paranode2
4265,paranode1
4266,node
4267,paranode1
4268,paranode2
4269,internode
4270,paranode2
4271,paranode1
4272,node
4273,paranode1
4274,paranode2
4275,internode
4276,paranode2
4277,paranode1
4278,node
4279,paranode1
4280,paranode2
4281,internode
4282,paranode2
4283,paranode1
4284,node
4285,paranode1
4286,paranode2
4287,internode
4288,paranode2
4289,paranode1
4290,node
4291,paranode1
4292,paranode2
4293,internode
4294,paranode2
4295,paranode1
4296,node
4297,paranode1
4298,paranode2
4299,internode
4300,paranode2
4301,paranode1
4302,node
4303,paranode1
4304,paranode2
4305,internode
4306,paranode2
4307,paranode1
4308,node
4309,paranode1
4310,paranode2
4311,internode
4312,paranode2
4313,paranode1
4314,node
4315,paranode1
4316,paranode2
4317,internode
4318,paranode2
4319,paranode1
4320,node
4321,paranode1
4322,paranode2
4323,internode
4324,paranode2
4325,paranode1
4326,node
4327,paranode1
4328,paranode2
4329,internode
4330,paranode2
4331,paranode1
4332,node
4333,paranode1
4334,paranode2
4335,internode
4336,paranode2
4337,paranode1
4338,node
4339,paranode1
4340,paranode2
4341,internode
4342,paranode2
4343,paranode1
4344,node
4345,paranode1
4346,paranode2
4347,internode
4348,paranode2
4349,paranode1
4350,node
4351,paranode1
4352,paranode2
4353,internode
4354,paranode2
4355,paranode1
4356,node
4357,paranode1
4358,paranode2
4359,internode
4360,paranode2
4361,paranode1
4362,node
4363,paranode1
4364,paranode2
4365,internode
4366,paranode2
4367,paranode1
4368,node
4369,paranode1
4370,paranode2
4371,internode
4372,paranode2
4373,paranode1
4374,node
4375,paranode1
4376,paranode2
4377,internode
4378,paranode2
4379,paranode1
4380,node
4381,paranode1
4382,paranode2
4383,internode
4384,paranode2
4385,paranode1
4386,node
4387,paranode1
4388,paranode2
4389,internode
4390,paranode2
4391,paranode1
4392,node
4393,paranode1
4394,paranode2
4395,internode
4396,paranode2
4397,paranode1
4398,node
4399,paranode1
4400,paranode2
4401,internode
4402,paranode2
4403,paranode1
4404,node
4405,paranode1
4406,paranode2
4407,internode
4408,paranode2
4409,paranode1
4410,node
4411,paranode1
4412,paranode2
4413,internode
4414,paranode2
4415,paranode1
4416,node
4417,paranode1
4418,paranode2
4419,internode
4420,paranode2
4421,paranode1
4422,node
4423,paranode1
4424,paranode2
4425,internode
4426,paranode2
4427,paranode1
4428,node
4429,paranode1
4430,paranode2
4431,internode
4432,paranode2
4433,paranode1
4434,node
4435,paranode1
4436,paranode2
4437,internode
4438,paranode2
4439,paranode1
4440,node
4441,paranode1
4442,paranode2
4443,internode
4444,paranode2
4445,paranode1
4446,node
4447,paranode1
4448,paranode2
4449,internode
4450,paranode2
4451,paranode1
4452,node
4453,paranode1
4454,paranode2
4455,internode
4456,paranode2
4457,paranode1
4458,node
4459,paranode1
4460,paranode2
4461,internode
4462,paranode2
4463,paranode1
4464,node
4465,paranode1
4466,paranode2
4467,internode
4468,paranode2
4469,paranode1
4470,node
4471,paranode1
4472,paranode2
4473,internode
4474,paranode2
4475,paranode1
4476,node
4477,paranode1
4478,paranode2
4479,internode
4480,paranode2
4481,paranode1
4482,node
4483,paranode1
4484,paranode2
4485,internode
4486,paranode2
4487,paranode1
4488,node
4489,paranode1
4490,paranode2
4491,internode
4492,paranode2
4493,paranode1
4494,node
4495,paranode1
4496,paranode2
4497,internode
4498,paranode2
4499,paranode1
4500,node
4501,paranode1
4502,paranode2
4503,internode
4504,paranode2
4505,paranode1
4506,node
4507,paranode1
4508,paranode2
4509,internode
4510,paranode2
4511,paranode1
4512,node
4513,paranode1
4514,paranode2
4515,internode
4516,paranode2
4517,paranode1
4518,node
4519,paranode1
4520,paranode2
4521,internode
4522,paranode2
4523,paranode1
4524,node
4525,paranode1
4526,paranode2
4527,internode
4528,paranode2
4529,paranode1
4530,node
4531,paranode1
4532,paranode2
4533,internode
4534,paranode2
4535,paranode1
4536,node
4537,paranode1
4538,paranode2
4539,internode
4540,paranode2
4541,paranode1
4542,node
4543,paranode1
4544,paranode2
4545,internode
4546,paranode2
4547,paranode1
4548,node
4549,paranode1
4550,paranode2
4551,internode
4552,paranode2
4553,paranode1
4554,node
4555,paranode1
4556,paranode2
4557,internode
4558,paranode2
4559,paranode1
4560,node
4561,paranode1
4562,paranode2
4563,internode
4564,paranode2
4565,paranode1
4566,node
4567,paranode1
4568,paranode2
4569,internode
4570,paranode2
4571,paranode1
4572,node
4573,paranode1
4574,paranode2
4575,internode
4576,paranode2
4577,paranode1
4578,node
4579,paranode1
4580,paranode2
4581,internode
4582,paranode2
4583,paranode1
4584,node
4585,paranode1
4586,paranode2
4587,internode
4588,paranode2
4589,paranode1
4590,node
4591,paranode1
4592,paranode2
4593,internode
4594,paranode2
4595,paranode1
4596,node
4597,paranode1
4598,paranode2
4599,internode
4600,paranode2
4601,paranode1
4602,node
4603,paranode1
4604,paranode2
4605,internode
4606,paranode2
4607,paranode1
4608,node
4609,paranode1
4610,paranode2
4611,internode
4612,node
